Account,Name,Employee
100,Braiden Huerta,Braiden Huerta
101,Alicia Klein,Braiden Huerta
102,Ameerah Michael,Ameerah Michael
103,Oakley Melendez,Ameerah Michael
104,Callum Flores,Callum Flores
105,Nolan Jackson,Callum Flores
106,Ayaz Little,Ayaz Little
107,Tom Willis,Ayaz Little
108,Mahek Branch,Mahek Branch
109,Fletcher Hart,Mahek Branch
110,Jagoda Reader,Jagoda Reader
111,Roxie Stark,Jagoda Reader
112,Jadon Rawlings,Jadon Rawlings
113,Brendon Derrick,Jadon Rawlings
114,Margaret Cross,Margaret Cross
115,Elly Enriquez,Margaret Cross
116,Judith Sanford,Judith Sanford
117,Rhiannon Coles,Judith Sanford
118,Paisley Schroeder,Paisley Schroeder
119,Zander Morley,Paisley Schroeder
251,Adele Murphy,Adele Murphy
121,Aleeza Conway,Adele Murphy
122,Arnav Newman,Arnav Newman
123,Constance Travis,Arnav Newman
124,Nadia Keith,Nadia Keith
125,Mahira Peacock,Nadia Keith
126,Calvin Major,Calvin Major
127,Conall Harwood,Calvin Major
128,Aiza Nairn,Aiza Nairn
129,Eren Ibarra,Aiza Nairn
130,Elora Holden,Elora Holden
131,Adem Knox,Elora Holden
132,Alys Griffiths,Alys Griffiths
133,Lyra Sanderson,Alys Griffiths
134,Cayden Bishop,Cayden Bishop
135,Codey Greenwood,Cayden Bishop
136,Isa Beaumont,Isa Beaumont
137,Iosif Fisher,Isa Beaumont
138,Isabel Corrigan,Isabel Corrigan
139,Liyah Mckee,Isabel Corrigan
140,Piotr Firth,Piotr Firth
141,Jonathan Chang,Piotr Firth
142,Maja Lord,Maja Lord
143,Leslie Oneil,Maja Lord
144,Azaan Hooper,Azaan Hooper
145,Buddy Amos,Azaan Hooper
146,Daisy-May Lyon,Daisy-May Lyon
147,Tara Pennington,Daisy-May Lyon
148,Esmae Fleming,Esmae Fleming
149,Brenna Mata,Esmae Fleming
250,Jake Fields,Jake Fields
151,Ammarah Kouma,Jake Fields
152,Olly Brook,Olly Brook
153,Ruqayyah Frank,Olly Brook
154,Inaaya Odonnell,Inaaya Odonnell
155,Orson Weeks,Inaaya Odonnell
156,Evie Rollins,Evie Rollins
157,Phillipa Miller,Evie Rollins
158,Elisa Calvert,Elisa Calvert
159,Livia Wilkes,Elisa Calvert
160,Phillippa Hodges,Phillippa Hodges
161,Ruth Woodcock,Phillippa Hodges
162,Raheem Fernandez,Raheem Fernandez
163,Aneesah Reid,Raheem Fernandez
164,Mirza Meadows,Mirza Meadows
165,Greta Chambers,Mirza Meadows
166,Fatema Edmonds,Fatema Edmonds
167,Efe Mcculloch,Fatema Edmonds
168,Ahmed Deacon,Ahmed Deacon
169,Archer Ray,Ahmed Deacon
170,Hussain Quintero,Hussain Quintero
171,Shaurya Chavez,Hussain Quintero
172,Garrett Witt,Garrett Witt
173,Rae Tomlinson,Garrett Witt
174,Joshua Mcfarland,Joshua Mcfarland
175,Lilly-Ann Watson,Joshua Mcfarland
176,Gareth Turner,Gareth Turner
177,Henri Quinn,Gareth Turner
178,Giuseppe Long,Giuseppe Long
179,Meera Davidson,Giuseppe Long
180,Tamsin Stone,Tamsin Stone
181,Willa Mcdermott,Tamsin Stone
182,Ewan Briggs,Ewan Briggs
183,Kunal Watts,Ewan Briggs
184,Milly Greenaway,Milly Greenaway
185,Shiv Sanchez,Milly Greenaway
186,Ferne Webb,Ferne Webb
187,Simrah Gilbert,Ferne Webb
188,Alaw Read,Alaw Read
189,Woodrow Kirkland,Alaw Read
190,Ace Boyle,Ace Boyle
191,Darragh Rivers,Ace Boyle
192,Kajol Ramos,Kajol Ramos
193,Rohan Schofield,Kajol Ramos
194,Farhan Gilmour,Farhan Gilmour
195,Abbigail Dickinson,Farhan Gilmour
196,Cecil Pemberton,Cecil Pemberton
197,Izzie Drummond,Cecil Pemberton
198,Finnley Garner,Finnley Garner
199,Bethany Delgado,Finnley Garner
