Player,Volume
"Robinson, James, RB",0.015523932729624839
"Parker, DeVante, WR",0.014877102199223804
"Mostert, Raheem, RB",0.013583441138421734
"Mooney, Darnell, WR",0.0129366106080207
"Boyd, Tyler, WR",0.012289780077619664
"Gordon, Melvin, RB",0.012289780077619664
"Hurts, Jalen, QB",0.01164294954721863
"Andrews, Mark, TE",0.01164294954721863
"Goff, Jared, QB",0.01164294954721863
"Godwin, Chris, WR",0.01164294954721863
"Kupp, Cooper, WR",0.010996119016817595
"Brown, Marquise, WR",0.010996119016817595
"Edwards, Gus, RB",0.010996119016817595
"Pollard, Tony, RB",0.010996119016817595
"Davis, Mike, RB",0.010996119016817595
"Conner, James, RB",0.01034928848641656
"Lockett, Tyler, WR",0.01034928848641656
"Thielen, Adam, WR",0.01034928848641656
"Edwards-Helaire, Clyde, RB",0.01034928848641656
"Smith Jr., Irv, TE",0.009702457956015523
"Watson, Deshaun, QB",0.009702457956015523
"Jones, Julio, WR",0.009702457956015523
"McCaffrey, Christian, RB",0.009702457956015523
"Mixon, Joe, RB",0.009702457956015523
"Jacobs, Josh, RB",0.009702457956015523
"Samuel, Deebo, WR",0.009702457956015523
"Woods, Robert, WR",0.009702457956015523
"Thomas, Michael, WR",0.009702457956015523
"Kelce, Travis, TE",0.009702457956015523
"Evans, Mike, WR",0.009055627425614488
"Ekeler, Austin, RB",0.009055627425614488
"Darnold, Sam, QB",0.009055627425614488
"Tannehill, Ryan, QB",0.009055627425614488
"Cooper, Amari, WR",0.009055627425614488
"Mims, Denzel, WR",0.009055627425614488
"Claypool, Chase, WR",0.009055627425614488
"Gaskin, Myles, RB",0.009055627425614488
"Jones, Ronald, RB",0.009055627425614488
"Williams, Mike, WR",0.009055627425614488
"Brown, A.J., WR",0.009055627425614488
"Montgomery, David, RB",0.009055627425614488
"Landry, Jarvis, WR",0.009055627425614488
"Ruggs, Henry, WR",0.009055627425614488
"Trautman, Adam, TE",0.008408796895213453
"Sutton, Courtland, WR",0.008408796895213453
"Carson, Chris, RB",0.008408796895213453
"Moss, Zack, RB",0.008408796895213453
"Brady, Tom, QB",0.008408796895213453
"Stafford, Matthew, QB",0.008408796895213453
"Kirk, Christian, WR",0.008408796895213453
"Mayfield, Baker, QB",0.008408796895213453
"Akers, Cam, RB",0.008408796895213453
"Aiyuk, Brandon, WR",0.008408796895213453
"Pittman, Michael, WR",0.008408796895213453
"Higgins, Tee, WR",0.008408796895213453
"Elliott, Ezekiel, RB",0.008408796895213453
"Robinson, Allen, WR",0.008408796895213453
"Fuller, Will, WR",0.008408796895213453
"Taylor, Jonathan, RB",0.007761966364812419
"Wilson, Russell, QB",0.007761966364812419
"Shenault, Laviska, WR",0.007761966364812419
"Henry, Hunter, TE",0.007761966364812419
"Gallup, Michael, WR",0.007761966364812419
"Jones, Aaron, RB",0.007761966364812419
"Swift, D'Andre, RB",0.007761966364812419
"Chark, D.J., WR",0.007761966364812419
"Hines, Nyheim, RB",0.007761966364812419
"Hurst, Hayden, TE",0.007761966364812419
"Fant, Noah, TE",0.007761966364812419
"Higbee, Tyler, TE",0.007761966364812419
"Davis, Gabriel, WR",0.007761966364812419
"Hardman, Mecole, WR",0.007761966364812419
"Hunt, Kareem, RB",0.007761966364812419
"Harris, Damien, RB",0.007761966364812419
"Kamara, Alvin, RB",0.007761966364812419
"Henderson, Darrell, RB",0.0071151358344113845
"Bryant, Harrison, TE",0.0071151358344113845
"Johnson, Diontae, WR",0.0071151358344113845
"Burrow, Joe, QB",0.0071151358344113845
"Moore, D.J., WR",0.0071151358344113845
"Harry, N'Keal, WR",0.0071151358344113845
"Ebron, Eric, TE",0.0071151358344113845
"Winston, Jameis, QB",0.0071151358344113845
"Drake, Kenyan, RB",0.0071151358344113845
"Dobbins, J.K., RB",0.0071151358344113845
"Beasley, Cole, WR",0.0071151358344113845
"Kmet, Cole, TE",0.0071151358344113845
"Allen, Keenan, WR",0.0071151358344113845
"Tagovailoa, Tua, QB",0.0071151358344113845
"Fitzpatrick, Ryan, QB",0.0071151358344113845
"Cousins, Kirk, QB",0.0071151358344113845
"Williams, Jamaal, RB",0.0071151358344113845
"Reynolds, Josh, WR",0.0071151358344113845
"Waller, Darren, TE",0.00646830530401035
"Wentz, Carson, QB",0.00646830530401035
"Barkley, Saquon, RB",0.00646830530401035
"Lazard, Allen, WR",0.00646830530401035
"Lindsay, Phillip, RB",0.00646830530401035
"Mattison, Alexander, RB",0.00646830530401035
"Edmonds, Chase, RB",0.00646830530401035
"Jackson, Lamar, QB",0.00646830530401035
"Jones, Marvin, WR",0.00646830530401035
"Jeudy, Jerry, WR",0.00646830530401035
"Lock, Drew, QB",0.00646830530401035
"Gibson, Antonio, RB",0.00646830530401035
"Carr, Derek, QB",0.00646830530401035
"Tonyan, Robert, TE",0.00646830530401035
"Slayton, Darius, WR",0.00646830530401035
"McLaurin, Terry, WR",0.00646830530401035
"Thomas, Logan, TE",0.00646830530401035
"Wilson, Jeffery, RB",0.00646830530401035
"Cook, Jared, TE",0.00646830530401035
"Smith, Jonnu, TE",0.005821474773609315
"Bernard, Giovani, RB",0.005821474773609315
"Dillon, AJ, RB",0.005821474773609315
"Lamb, CeeDee, WR",0.005821474773609315
"Shepard, Sterling, WR",0.005821474773609315
"Coleman, Tevin, RB",0.005821474773609315
"Prescott, Dak, QB",0.005821474773609315
"Fournette, Leonard, RB",0.005821474773609315
"Rodgers, Aaron, QB",0.005821474773609315
"Henry, Derrick, RB",0.005821474773609315
"Hockenson, T.J., TE",0.005821474773609315
"Chubb, Nick, RB",0.005821474773609315
"Golladay, Kenny, WR",0.005821474773609315
"Campbell, Parris, WR",0.005821474773609315
"Murray, Latavius, RB",0.005821474773609315
"Samuel, Curtis, WR",0.005821474773609315
"Reagor, Jalen, WR",0.005821474773609315
"Adams, Davante, WR",0.005821474773609315
"Anderson, Robby, WR",0.005821474773609315
"McKissic, J.D., RB",0.00517464424320828
"Cook, Dalvin, RB",0.00517464424320828
"Mahomes, Patrick, QB",0.00517464424320828
"Beckham, Odell, WR",0.00517464424320828
"Williams, Preston, WR",0.00517464424320828
"Herbert, Justin, QB",0.00517464424320828
"Schultz, Dalton, TE",0.00517464424320828
"Penny, Rashaad, RB",0.00517464424320828
"Duvernay, Devin, WR",0.00517464424320828
"Perriman, Breshad, WR",0.00517464424320828
"Peoples-Jones, Donovan, WR",0.00517464424320828
"Smith, Tre'Quan, WR",0.00517464424320828
"Singletary, Devin, RB",0.004527813712807244
"Cephus, Quintez, WR",0.004527813712807244
"Hooper, Austin, TE",0.004527813712807244
"Newton, Cam, QB",0.004527813712807244
"Hopkins, DeAndre, WR",0.004527813712807244
"Metcalf, DK, WR",0.004527813712807244
"Vaughn, Ke'Shawn, RB",0.004527813712807244
"Gesicki, Mike, TE",0.004527813712807244
"Ridley, Calvin, WR",0.004527813712807244
"Kittle, George, TE",0.004527813712807244
"White, James, RB",0.004527813712807244
"Dallas, DeeJay, RB",0.004527813712807244
"Diggs, Stefon, WR",0.004527813712807244
"Jefferson, Van, WR",0.004527813712807244
"Smith-Schuster, JuJu, WR",0.004527813712807244
"Ingram, Mark, RB",0.004527813712807244
"Edwards, Bryan, WR",0.004527813712807244
"Cohen, Tarik, RB",0.004527813712807244
"Dalton, Andy, QB",0.004527813712807244
"Okereke, Bobby, LB",0.0038809831824062097
"Hilton, T.Y., WR",0.0038809831824062097
"Hill, Taysom, QB",0.0038809831824062097
"Brown, Antonio, WR",0.0038809831824062097
"Sanders, Miles, RB",0.0038809831824062097
"Goedert, Dallas, TE",0.0038809831824062097
"Gage, Russell, WR",0.0038809831824062097
"Wagner, Bobby, LB",0.0038809831824062097
"Crowder, Jamison, WR",0.0038809831824062097
"Meyers, Jakobi, WR",0.0038809831824062097
"Fulgham, Travis, WR",0.0038809831824062097
"Curl, Kamren, S",0.0038809831824062097
"Love, Jordan, QB",0.0038809831824062097
"Williams, Tyrell, WR",0.0038809831824062097
"Jones, Daniel, QB",0.0038809831824062097
"Johnson, Collin, WR",0.0038809831824062097
"Everett, Gerald, TE",0.0038809831824062097
"Johnson, David, RB",0.0038809831824062097
"Higgins, Rashard, WR",0.0038809831824062097
"Johnson, Tyler, WR",0.0038809831824062097
"Davis, Corey, WR",0.0038809831824062097
"Guyton, Jalen, WR",0.0038809831824062097
"Gurley, Todd, RB",0.003234152652005175
"Ryan, Matt, QB",0.003234152652005175
"Hill, Tyreek, WR",0.003234152652005175
"Bourne, Kendrick, WR",0.003234152652005175
"Booker, Devontae, RB",0.003234152652005175
"Brees, Drew, QB",0.003234152652005175
"Patrick, Tim, WR",0.003234152652005175
"Hyde, Carlos, RB",0.003234152652005175
"Gallman, Wayne, RB",0.003234152652005175
"Njoku, David, TE",0.003234152652005175
"Sanders, Emmanuel, WR",0.003234152652005175
"Hamler, KJ, WR",0.003234152652005175
"Cooks, Brandin, WR",0.003234152652005175
"Ertz, Zach, TE",0.003234152652005175
"Kelley, Joshua, RB",0.003234152652005175
"Brown, John, WR",0.003234152652005175
"Allen, Josh, QB",0.003234152652005175
"Jefferson, Justin, WR",0.003234152652005175
"Ahmed, Salvon, RB",0.003234152652005175
"Michel, Sony, RB",0.003234152652005175
"Jackson, Justin, RB",0.003234152652005175
"Miller, Anthony, WR",0.003234152652005175
"Brown, Malcolm, RB",0.00258732212160414
"Robinson, Demarcus, WR",0.00258732212160414
"Firkser, Anthony, TE",0.00258732212160414
"Howard, O.J., TE",0.00258732212160414
"Uche, Josh, LB",0.00258732212160414
"Byrd, Damiere, WR",0.00258732212160414
"Gandy-Golden, Antonio, WR",0.00258732212160414
"Green, A.J., WR",0.00258732212160414
"Taylor, Tyrod, QB",0.00258732212160414
"Parham, Donald, TE",0.00258732212160414
"Engram, Evan, TE",0.00258732212160414
"Snell, Benny, RB",0.00258732212160414
"Benjamin, Eno, RB",0.00258732212160414
"Bosa, Joey, DE",0.00258732212160414
"Haskins, Dwayne, QB",0.00258732212160414
"Jarwin, Blake, TE",0.00258732212160414
"Brissett, Jacoby, QB",0.00258732212160414
"Watkins, Sammy, WR",0.00258732212160414
"Pettis, Dante, WR",0.0019404915912031048
"Bush, Devin, LB",0.0019404915912031048
"Butler, Malcolm, CB",0.0019404915912031048
"Allen, Josh, DE",0.0019404915912031048
"Byard, Kevin, S",0.0019404915912031048
"Cunningham, Zach, LB",0.0019404915912031048
"James, Derwin, S",0.0019404915912031048
"Murray, Kyler, QB",0.0019404915912031048
"Callaway, Marquez, WR",0.0019404915912031048
"Freeman, Royce, RB",0.0019404915912031048
"Ogbah, Emmanuel, DE",0.0019404915912031048
"Johnson, Ty, RB",0.0019404915912031048
"Coutee, Keke, WR",0.0019404915912031048
"Johnson, Alexander, LB",0.0019404915912031048
"Conley, Chris, WR",0.0019404915912031048
"Mack, Marlon, RB",0.0019404915912031048
"Eifert, Tyler, TE",0.0019404915912031048
"Perine, Samaje, RB",0.0019404915912031048
"Perine, Lamical, RB",0.0019404915912031048
"Sims, Steven, WR",0.0019404915912031048
"Scott, Boston, RB",0.0019404915912031048
"Agholor, Nelson, WR",0.0019404915912031048
"Brooks, Jordyn, LB",0.0019404915912031048
"Herndon, Chris, TE",0.0019404915912031048
"Funchess, Devin, WR",0.0019404915912031048
"Garoppolo, Jimmy, QB",0.0019404915912031048
"Breida, Matt, RB",0.0019404915912031048
"McFarland, Anthony, RB",0.0019404915912031048
"Graham, Jimmy, TE",0.0019404915912031048
"Rudolph, Mason, QB",0.0019404915912031048
"Boone, Mike, RB",0.0019404915912031048
"Washington, James, WR",0.0019404915912031048
"Asiasi, Devin, TE",0.00129366106080207
"Kinlaw, Javon, DT",0.00129366106080207
"Collins, Landon, S",0.00129366106080207
"Pascal, Zach, WR",0.00129366106080207
"Hill, K.J., WR",0.00129366106080207
"Dwelley, Ross, TE",0.00129366106080207
"Driskel, Jeff, QB",0.00129366106080207
"Mathieu, Tyrann, S",0.00129366106080207
"Smith, Roquan, LB",0.00129366106080207
"Brate, Cameron, TE",0.00129366106080207
"Harrison, Malik, LB",0.00129366106080207
"Edmunds, Terrell, S",0.00129366106080207
"Edelman, Julian, WR",0.00129366106080207
"Wilson, Eric, LB",0.00129366106080207
"Hurst, Maurice, DT",0.00129366106080207
"Richard, Jalen, RB",0.00129366106080207
"Hurd, Jalen, WR",0.00129366106080207
"Clowney, Jadeveon, DE",0.00129366106080207
"Smith, Ito, RB",0.00129366106080207
"Smith, Harrison, S",0.00129366106080207
"Hunter, Danielle, DE",0.00129366106080207
"Clark, Chuck, S",0.00129366106080207
"Bridgewater, Teddy, QB",0.00129366106080207
"Thompson, Shaq, LB",0.00129366106080207
"Hewitt, Neville, LB",0.00129366106080207
"Gerry, Nate, LB",0.00129366106080207
"Mack, Khalil, LB",0.00129366106080207
"Fuller, Kyle, CB",0.00129366106080207
"Lawson, Carl, DE",0.00129366106080207
"Williams, Leonard, DE",0.00129366106080207
"Williams, Damien, RB",0.00129366106080207
"David, Lavonte, LB",0.00129366106080207
"Okwuegbunam, Albert, TE",0.00129366106080207
"Jackson, DeSean, WR",0.00129366106080207
"Mack, Austin, WR",0.00129366106080207
"Gore, Frank, RB",0.00129366106080207
"Harris, Deonte, WR",0.00129366106080207
"Jarrett, Grady, DT",0.00129366106080207
"Maye, Marcus, S",0.00129366106080207
"Harmon, Kelvin, WR",0.00129366106080207
"Ajayi, Jay, RB",0.00129366106080207
"Armstead, Arik, DE",0.00129366106080207
"Reed, Joe, WR",0.00129366106080207
"Barton, Cody, LB",0.00129366106080207
"Isabella, Andy, WR",0.00129366106080207
"Humphrey, Marlon, CB",0.00129366106080207
"Bell, Le'Veon, RB",0.00129366106080207
"Crosby, Maxx, DE",0.00129366106080207
"Highsmith, Alex, LB",0.00129366106080207
"Bell, Vonn, S",0.00129366106080207
"McMillan, Raekwon, LB",0.00129366106080207
"Sorensen, Daniel, S",0.00129366106080207
"Minshew, Gardner, QB",0.00129366106080207
"Roethlisberger, Ben, QB",0.00129366106080207
"Snead, Willie, WR",0.00129366106080207
"Hill, Brian, RB",0.00129366106080207
"Tate, Golden, WR",0.00129366106080207
"Jennings, Gary, WR",0.00129366106080207
"Reeder, Troy, LB",0.00129366106080207
"Smith, Za'Darius, LB",0.00129366106080207
"Coulter, Isaiah, WR",0.00129366106080207
"Smith, Jaylon, LB",0.00129366106080207
"Love, Bryce, RB",0.00129366106080207
"Butt, Jake, TE",0.00129366106080207
"Trubisky, Mitchell, QB",0.00129366106080207
"Howard, Jordan, RB",0.00129366106080207
"Zaccheaus, Olamide, WR",0.00129366106080207
"Sanu, Mohamed, WR",0.00129366106080207
"Tuitt, Stephon, DE",0.00129366106080207
"Keenum, Case, QB",0.00129366106080207
"Allen, Jonathan, DT",0.00129366106080207
"Griffin III, Robert, QB",0.00129366106080207
"Gabriel, Taylor, WR",0.00129366106080207
"Walker, Mykal, LB",0.00129366106080207
"Morrow, Nicholas, LB",0.00129366106080207
"Seals-Jones, Ricky, TE",0.00129366106080207
"Rivers, Philip, QB",0.00129366106080207
"Scarbrough, Bo, RB",0.00129366106080207
"Ballage, Kalen, RB",0.00129366106080207
"Vander Esch, Leighton, LB",0.00129366106080207
"Burns, Brian, DE",0.00129366106080207
"Jordan, Cameron, DE",0.00129366106080207
"Mariota, Marcus, QB",0.00129366106080207
"Burkhead, Rex, RB",0.00129366106080207
"Abram, Johnathan, S",0.00129366106080207
"Adams, Tyrell, LB",0.00129366106080207
"Hogan, Chris, WR",0.00129366106080207
"Hodge, KhaDarel, WR",0.00129366106080207
"Alie-Cox, Mo, TE",0.00129366106080207
"Sims, Cam, WR",0.00129366106080207
"Ridley, Riley, WR",0.00129366106080207
"Jones, Chris, DT",0.00129366106080207
"Proche, James, WR",0.00129366106080207
"Sample, Drew, TE",0.00129366106080207
"Guice, Derrius, RB",0.00129366106080207
"Savage, Darnell, S",0.000646830530401035
"Diggs, Trevon, CB",0.000646830530401035
"Hightower, John, WR",0.000646830530401035
"Phillips, Adrian, S",0.000646830530401035
"Harris, Shelby, DE",0.000646830530401035
"Pratt, Germaine, LB",0.000646830530401035
"Diggs, Quandre, S",0.000646830530401035
"Patterson, Cordarrelle, WR",0.000646830530401035
"Ozigbo, Devine, RB",0.000646830530401035
"Elliott, DeShon, S",0.000646830530401035
"Fowler, Dante, DE",0.000646830530401035
"Dissly, Will, TE",0.000646830530401035
"Allison, Geronimo, WR",0.000646830530401035
"Oruwariye, Amani, CB",0.000646830530401035
"Woods, Xavier, S",0.000646830530401035
"Edmunds, Tremaine, LB",0.000646830530401035
"Peterson, Adrian, RB",0.000646830530401035
"Smith, Alex, QB",0.000646830530401035
"Humphries, Adam, WR",0.000646830530401035
"Stidham, Jarrett, QB",0.000646830530401035
"Davis, Jarrad, LB",0.000646830530401035
"Winfield, Antoine, S",0.000646830530401035
"Hodgins, Isaiah, WR",0.000646830530401035
"Gregory, Randy, DE",0.000646830530401035
"Hicks, Jordan, LB",0.000646830530401035
"Oluokun, Foyesade, LB",0.000646830530401035
"Sternberger, Jace, TE",0.000646830530401035
"Jackson, Donte, CB",0.000646830530401035
"Davis-Gaither, Akeem, LB",0.000646830530401035
"Fromm, Jake, QB",0.000646830530401035
"Evans, Darrynton, RB",0.000646830530401035
"Freeman, Devonta, RB",0.000646830530401035
"Singleton, Alex, LB",0.000646830530401035
"St. Brown, Equanimeous, WR",0.000646830530401035
"Deguara, Josiah, TE",0.000646830530401035
"Haden, Joe, CB",0.000646830530401035
"Hooker, Amani, S",0.000646830530401035
"Simmons, Jeffery, DT",0.000646830530401035
"McKinley, Takkarist, DE",0.000646830530401035
"Hoyer, Brian, QB",0.000646830530401035
"Dupree, Bud, LB",0.000646830530401035
"Wright, K.J., LB",0.000646830530401035
"Reid, Justin, S",0.000646830530401035
"Amendola, Danny, WR",0.000646830530401035
"Smith, Kaden, TE",0.000646830530401035
"Rowe, Eric, S",0.000646830530401035
"Hall, Marvin, WR",0.000646830530401035
"Hasty, JaMycal, RB",0.000646830530401035
"Hyder, Kerry, DE",0.000646830530401035
"Sieler, Zach, DE",0.000646830530401035
"Eason, Jacob, QB",0.000646830530401035
"Rudolph, Kyle, TE",0.000646830530401035
"Samuels, Jaylen, RB",0.000646830530401035
"Simmons, Isaiah, LB",0.000646830530401035
"Gronkowski, Rob, TE",0.000646830530401035
"Anae, Bradlee, DE",0.000646830530401035
"Fitzpatrick, Minkah, S",0.000646830530401035
"Dunlap, Carlos, DE",0.000646830530401035
"Phillips, Scottie, RB",0.000646830530401035
"Queen, Patrick, LB",0.000646830530401035
"Sneed, L'Jarius, CB",0.000646830530401035
"Ford, Isaiah, WR",0.000646830530401035
"Hooker, Malik, S",0.000646830530401035
"Donald, Aaron, DT",0.000646830530401035
"Ollison, Qadree, RB",0.000646830530401035
"Akins, Jordan, TE",0.000646830530401035
"Flowers, Trey, DE",0.000646830530401035
"Pringle, Byron, WR",0.000646830530401035
"Dugger, Kyle, S",0.000646830530401035
"Parkinson, Colby, TE",0.000646830530401035
"Garrett, Myles, DE",0.000646830530401035
"Hughes, Jerry, DE",0.000646830530401035
"Hendrickson, Trey, DE",0.000646830530401035
"Young, Chase, DE",0.000646830530401035
"Peppers, Jabrill, S",0.000646830530401035
"Flacco, Joe, QB",0.000646830530401035
"Hansen, Chad, WR",0.000646830530401035
"Davis, Demario, LB",0.000646830530401035
"Van Ginkel, Andrew, LB",0.000646830530401035
"Clark, Frank, DE",0.000646830530401035
"Watkins, Quez, WR",0.000646830530401035
"Kiser, Micah, LB",0.000646830530401035
"Watson, Justin, WR",0.000646830530401035
"Tillery, Jerry, DT",0.000646830530401035
"Watt, T.J., LB",0.000646830530401035
"Bosa, Nick, DE",0.000646830530401035
"Willis, Khari, S",0.000646830530401035
"Thompson, Jalen, S",0.000646830530401035
"Johnson, Taron, CB",0.000646830530401035
"Johnson, Olabisi, WR",0.000646830530401035
"Knox, Dawson, TE",0.000646830530401035
"Kroft, Tyler, TE",0.000646830530401035
"Kirkpatrick, Dre, CB",0.000646830530401035
"Johnson, Kerryon, RB",0.000646830530401035
"Cobb, Randall, WR",0.000646830530401035
"Ngakoue, Yannick, DE",0.000646830530401035
"Johnson, John, S",0.000646830530401035
"Cole, Keelan, WR",0.000646830530401035
"Kwiatkoski, Nick, LB",0.000646830530401035
"Bates, Jessie, S",0.000646830530401035
"Johnson, Duke, RB",0.000646830530401035
"Terrell, A.J., CB",0.000646830530401035
"Johnson, D'Ernest, RB",0.000646830530401035
"Wilson, Donovan, S",0.000646830530401035
"Bradberry, James, CB",0.000646830530401035
"Tranquill, Drue, LB",0.000646830530401035
"Blair, Marquise, S",0.000646830530401035
"Lewis, Dion, RB",0.000646830530401035
"Walker, Anthony, LB",0.000646830530401035
"Bryant, Hunter, TE",0.000646830530401035
"Keene, Dalton, TE",0.000646830530401035
"Judon, Matt, LB",0.000646830530401035
"Mullen, Trayvon, CB",0.000646830530401035
"Vernon, Olivier, DE",0.000646830530401035
"Milano, Matt, LB",0.000646830530401035
"Kendricks, Eric, LB",0.000646830530401035
"Moreau, Foster, TE",0.000646830530401035
"Murphy, Byron, CB",0.000646830530401035
"Burton, Trey, TE",0.000646830530401035
"Butler, Adam, DT",0.000646830530401035
"Jones, DaQuan, DT",0.000646830530401035
"Valdes-Scantling, Marquez, WR",0.000646830530401035
"Warren, Michael, RB",0.000646830530401035
"Murray, Kenneth, LB",0.000646830530401035
"Baker, Jerome, LB",0.000646830530401035
"Jones, Justin, DT",0.000646830530401035
"Campbell, Calais, DE",0.000646830530401035
"Turay, Kemoko, DE",0.000646830530401035
"Breeland, Jacob, TE",0.000646830530401035
"Jones, Josh, S",0.000646830530401035
"Breeland, Bashaud, CB",0.000646830530401035
"Barr, Anthony, LB",0.000646830530401035
"Ateman, Marcell, WR",0.000646830530401035
"Mosley, C.J., LB",0.000646830530401035
"Tate, Auden, WR",0.000646830530401035
"Sweat, Josh, DE",0.000646830530401035
"Wilson, Mack, LB",0.000646830530401035
"Jenkins, Malcolm, S",0.000646830530401035
"Lawrence, Demarcus, DE",0.000646830530401035
"Wilkins, Jordan, RB",0.000646830530401035
"Bayless, Omar, WR",0.000646830530401035
"White, Devin, LB",0.000646830530401035
"Okwara, Romeo, DE",0.000646830530401035
"Suh, Ndamukong, DT",0.000646830530401035
"Begelton, Reggie, WR",0.000646830530401035
"Armstead, Ryquell, RB",0.000646830530401035
"Taylor, J.J., RB",0.000646830530401035
"Baun, Zack, LB",0.000646830530401035
"Lawrence, Dexter, DT",0.000646830530401035
"Swain, Freddie, WR",0.000646830530401035
"Williams, Darrel, RB",0.000646830530401035
"Davis, Ashtyn, S",0.000646830530401035
"Oliver, Ed, DT",0.000646830530401035
"White, Tre'Davious, CB",0.000646830530401035
"Jewell, Josey, LB",0.000646830530401035
"Mitchell, Osirus, WR",0.0
"Pierre-Paul, Jason, DE",0.0
"Moore, Elijah, WR",0.0
"Moore, Matt, QB",0.0
"Ramsey, Randy, LB",0.0
"Pierce, Michael, DT",0.0
"Minter, Kevin, LB",0.0
"Moore, J'Mon, WR",0.0
"McCray, Lerentee, DE",0.0
"Pierre-Louis, Kevin, LB",0.0
"Mitchell, Elijah, RB",0.0
"Ramsey, Peyton, QB",0.0
"Moore, Kenny, CB",0.0
"Pierce, Artavis, RB",0.0
"Pierre, James, CB",0.0
"Moore, Jason, WR",0.0
"Ramsey, Jalen, CB",0.0
"Mingo, Barkevious, LB",0.0
"Mills, Davis, QB",0.0
"Moore, Rondale, WR",0.0
"Morgan, James, QB",0.0
"Raymond, Dax, TE",0.0
"Moseley, Emmanuel, CB",0.0
"Milton, Chris, CB",0.0
"Morris, Quintin, TE",0.0
"Morris, Alfred, RB",0.0
"Philyor, Whop, WR",0.0
"Ray, Wyatt, LB",0.0
"Mickens, Jaydon, WR",0.0
"Ratley, Damion, WR",0.0
"Morgan, Stanley, WR",0.0
"Moreland, Jimmy, CB",0.0
"Moore, Skai, LB",0.0
"Rapp, Taylor, S",0.0
"Rankins, Sheldon, DT",0.0
"McDougald, Bradley, S",0.0
"Moreau, Fabian, CB",0.0
"Randall, Damarious, S",0.0
"McDonald, Vance, TE",0.0
"Moore, Tarvarius, CB",0.0
"McDonald, Cole, QB",0.0
"Miller, Christian, LB",0.0
"McCullers, Daniel, DT",0.0
"Pinkney, Jared, TE",0.0
"Polite, Jachai, LB",0.0
"Pitts, Kyle, TE",0.0
"McCourty, Devin, S",0.0
"Powell, Brandon, WR",0.0
"Quarterman, Shaquille, LB",0.0
"Purcell, Mike, DT",0.0
"Pruitt, MyCole, TE",0.0
"Moore, A.J., S",0.0
"Miller, Scott, WR",0.0
"Powell, Cornell, WR",0.0
"Miller, Shareef, DE",0.0
"Poyer, Jordan, S",0.0
"Montgomery, Ty, RB",0.0
"Mizzell, Taquan, RB",0.0
"Montgomery, D.J., WR",0.0
"Montez, Steven, QB",0.0
"Prosise, C.J., RB",0.0
"Miller, Von, LB",0.0
"McCloud, Ray-Ray, WR",0.0
"Mone, Bryan, DT",0.0
"Mondeaux, Henry, DE",0.0
"Pride, Troy, CB",0.0
"Milligan, Rolan, S",0.0
"Moehrig, Trevon, S",0.0
"Moffatt, Jovante, S",0.0
"Moncrief, Donte, WR",0.0
"Powell, Bilal, RB",0.0
"Moses, Dylan, LB",0.0
"Poe, Dontari, DT",0.0
"Moore, C.J., S",0.0
"Ragland, Reggie, LB",0.0
"McCain, Bobby, S",0.0
"Mond, Kellen, QB",0.0
"Ragas, Trey, RB",0.0
"Moore, David, WR",0.0
"Poljan, Tony, TE",0.0
"McCoy, LeSean, RB",0.0
"Moore, Damontre, DE",0.0
"Rader, Kevin, TE",0.0
"McCoy, Gerald, DT",0.0
"McCoy, Colt, QB",0.0
"McCarron, A.J., QB",0.0
"Miller, Jordan, CB",0.0
"Quinn, Trey, WR",0.0
"Moore, Chris, WR",0.0
"McCown, Josh, QB",0.0
"Poole, Brian, CB",0.0
"McCourty, Jason, CB",0.0
"Mills, Jalen, CB",0.0
"Mitchell, Steven, WR",0.0
"Quinn, Robert, LB",0.0
"Miller, Lamar, RB",0.0
"Mitchell, Terrance, CB",0.0
"Pope, Troymaine, RB",0.0
"McLeod, Rodney, S",0.0
"Moss, Thaddeus, TE",0.0
"Metellus, Josh, S",0.0
"Parker, Steven, S",0.0
"McNichols, Jeremy, RB",0.0
"Nzeocha, Mark, LB",0.0
"Nwosu, Uchenna, LB",0.0
"Parks, Will, S",0.0
"McPhee, Pernell, LB",0.0
"Nunez-Roches, Rakeem, DT",0.0
"Norman, Josh, CB",0.0
"Parsons, Micah, LB",0.0
"Nnadi, Derrick, DT",0.0
"Raymond, Kalif, WR",0.0
"Patmon, Dezmon, WR",0.0
"Nixon, Tre, WR",0.0
"Patrick, Jacques, RB",0.0
"McRae, Gregory, RB",0.0
"McRae, Tony, CB",0.0
"Nixon, Keisean, CB",0.0
"McKinnon, Jerick, RB",0.0
"Niemann, Ben, LB",0.0
"Nickerson, Parry, CB",0.0
"McSorley, Trace, QB",0.0
"Nickerson, Hardy, LB",0.0
"Nicholson, Montae, S",0.0
"McKinney, Xavier, S",0.0
"McTyer, Torry, CB",0.0
"Nichols, Bilal, DT",0.0
"McKinney, Benardrick, LB",0.0
"Mclendon, Steve, DT",0.0
"Newsome, Dazz, WR",0.0
"O'Connor, Pat, DE",0.0
"Parker, Aaron, WR",0.0
"O'Daniel, Dorian, LB",0.0
"Okoronkwo, Ogbonnia, LB",0.0
"Oliver, Isaiah, CB",0.0
"McKoy, Isaiah, WR",0.0
"Olonilua, Sewo, RB",0.0
"Olsen, Greg, TE",0.0
"Olawale, Jamize, RB",0.0
"McManis, Sherrick, CB",0.0
"Olszewski, Gunner, WR",0.0
"McMath, Racey, WR",0.0
"Omenihu, Charles, DE",0.0
"Onwuasor, Patrick, LB",0.0
"Okwara, Julian, DE",0.0
"Onyemata, David, DT",0.0
"Okudah, Jeff, CB",0.0
"Okafor, Alex, DE",0.0
"O'Shaughnessy, James, TE",0.0
"Orchard, Nate, DE",0.0
"Orr, Kareem, S",0.0
"Ojemudia, Michael, CB",0.0
"Ogunjobi, Larry, DT",0.0
"Osborn, K.J., WR",0.0
"Owusu-Koramoah, Jeremiah, LB",0.0
"Ogunbowale, Dare, RB",0.0
"Palmer, Josh, WR",0.0
"Ogletree, Alec, LB",0.0
"McKitty, Tre, TE",0.0
"Odum, George, S",0.0
"Odenigbo, Ifeadi, LB",0.0
"Obada, Efe, DE",0.0
"Newman, Jamie, QB",0.0
"Nelson, Steven, CB",0.0
"Patterson, Jaret, RB",0.0
"Peterson, Kevin, CB",0.0
"Perry, Jamal, CB",0.0
"Perry, Malcolm, WR",0.0
"Melvin, Rashaan, CB",0.0
"Mercilus, Whitney, DE",0.0
"Merritt, Kirk, WR",0.0
"Perry, Senorise, RB",0.0
"Murray, Eric, S",0.0
"Murphy-Bunting, Sean, CB",0.0
"Perryman, Denzel, LB",0.0
"Peterman, Nathan, QB",0.0
"Peters, Corey, DT",0.0
"Peters, Marcus, CB",0.0
"Murphy, Trent, DE",0.0
"Peterson, Patrick, CB",0.0
"Perkins, Paul, RB",0.0
"Oliver, Josh, TE",0.0
"Phillips, Darius, CB",0.0
"Murchison, Larrell, DE",0.0
"Phillips, Harrison, DT",0.0
"Phillips, Jacob, LB",0.0
"Munson, Calvin, LB",0.0
"Phillips, Jaelen, DE",0.0
"Mundt, Johnny, TE",0.0
"Phillips, Jordan, DE",0.0
"Mullens, Nick, QB",0.0
"Muhammad, Al-Quadin, DE",0.0
"Motley, Parnell, CB",0.0
"Phillips, Kyle, DE",0.0
"Muse, Tanner, LB",0.0
"Nabers, Gabe, RB",0.0
"Nelson, Nick, CB",0.0
"McGuire, Elijah, RB",0.0
"McKeon, Sean, TE",0.0
"Paye, Kwity, DE",0.0
"Payne, Da'Ron, DT",0.0
"McKenzie, Isaiah, WR",0.0
"Nelson, J.J., WR",0.0
"Nelson, Anthony, LB",0.0
"Peko, Domata, DT",0.0
"Penisini, John, DT",0.0
"McIntosh, RJ, DE",0.0
"Pennel, Mike, DT",0.0
"Needham, Nik, CB",0.0
"Penny, Elijhaa, RB",0.0
"Neasman, Sharrod, S",0.0
"Meadors, Nate, CB",0.0
"Nall, Ryan, RB",0.0
"Neal, Siran, CB",0.0
"Neal, Ryan, S",0.0
"Neal, Keanu, S",0.0
"Nauta, Isaac, TE",0.0
"Means, Steven, DE",0.0
"McGill, T.Y., DT",0.0
"Natson, JoJo, WR",0.0
"Melifonwu, Ifeatu, CB",0.0
"Melifonwu, Obi, S",0.0
"Nassib, Carl, DE",0.0
"Perkins, Bryce, QB",0.0
"Perkins, Joshua, TE",0.0
"Nasirildeen, Hamsah, S",0.0
"Milne, Dax, WR",0.0
"Abdullah, Ameer, RB",0.0
"Reader, D.J., DT",0.0
"Walker, Tre, WR",0.0
"Ward, Jimmie, S",0.0
"Ward, Jihad, DE",0.0
"Ward, Greg, WR",0.0
"Ward, Denzel, CB",0.0
"Ward, Charvarius, CB",0.0
"Walton, Mark, RB",0.0
"Walter, Austin, RB",0.0
"Wallace, Tylan, WR",0.0
"Wallace, Levi, CB",0.0
"Wallace, K'Von, S",0.0
"Walker, Tracy, S",0.0
"Ware, Spencer, RB",0.0
"Walker, P.J., QB",0.0
"Walker, Joe, LB",0.0
"Walker, Delanie, TE",0.0
"Walker, DeMarcus, DE",0.0
"Walker, D'Andre, LB",0.0
"Wade, Christian, RB",0.0
"Waddle, Jaylen, WR",0.0
"Vitale, Dan, RB",0.0
"Vildor, Kindle, CB",0.0
"Vigil, Nick, LB",0.0
"Ward, Jonathan, RB",0.0
"Warner, Fred, LB",0.0
"Vickers, Kendal, DT",0.0
"Watts, Armani, S",0.0
"Weber, Mike, RB",0.0
"Webb, Joe, QB",0.0
"Webb, Davis, QB",0.0
"Weaver, Rashad, DE",0.0
"Weaver, Evan, LB",0.0
"Weaver, Curtis, DE",0.0
"Weatherly, Stephen, DE",0.0
"Weah, Jester, WR",0.0
"Waynes, Trae, CB",0.0
"Watts, Armon, DT",0.0
"Watt, J.J., DE",0.0
"Warring, Kahale, TE",0.0
"Watt, Derek, RB",0.0
"Watson, Josh, LB",0.0
"Watson, Brandon, CB",0.0
"Watkins, Jaylen, S",0.0
"Watkins, Carlos, DT",0.0
"Watkins, Austin, WR",0.0
"Washington, Dwayne, RB",0.0
"Washington, DeAndre, RB",0.0
"Washington, Charles, S",0.0
"Washington, Broderick, DT",0.0
"Victor, Binjimen, WR",0.0
"Verrett, Jason, CB",0.0
"Thomas, Joe, LB",0.0
"Thompson, Tedric, S",0.0
"Tomlinson, Eric, TE",0.0
"Tomlinson, Dalvin, DT",0.0
"Toliver, Kevin, CB",0.0
"Toilolo, Levine, TE",0.0
"Togiai, Tommy, DT",0.0
"Togiai, Noah, TE",0.0
"Thurman, Nick, DE",0.0
"Thorson, Clayton, QB",0.0
"Thorpe, Neiko, CB",0.0
"Thornhill, Juan, S",0.0
"Thompson, Deionte, S",0.0
"Toohill, Casey, LB",0.0
"Thompson, Darwin, RB",0.0
"Thompson, Darian, S",0.0
"Thompson, Colin, TE",0.0
"Thompson, Cody, WR",0.0
"Thompson, Chris, RB",0.0
"Thomas-Oliver, Stantley, CB",0.0
"Thomas, Tavierre, CB",0.0
"Thomas, Solomon, DT",0.0
"Thomas, Mike, WR",0.0
"Thomas, Michael, S",0.0
"Toney, Kadarius, WR",0.0
"Trask, Kyle, QB",0.0
"Vea, Vita, DT",0.0
"Urban, Brent, DE",0.0
"Vaughters, James, LB",0.0
"Vaughns, Tyler, WR",0.0
"Vasher, T.J., WR",0.0
"Vannett, Nick, TE",0.0
"Vanderdoes, Eddie, DT",0.0
"Van Noy, Kyle, LB",0.0
"Vallejo, Tanner, LB",0.0
"Vaccaro, Kenny, S",0.0
"Uzomah, C.J., TE",0.0
"Ursua, John, WR",0.0
"Tuttle, Shy, DT",0.0
"Travis, Ross, TE",0.0
"Tuszka, Derrek, DE",0.0
"Turner, Zeke, LB",0.0
"Turner, Malik, WR",0.0
"Tupou, Josh, DT",0.0
"Tuioti-Mariner, Jacob, DE",0.0
"Tufele, Jay, DT",0.0
"Trufant, Desmond, CB",0.0
"Trevathan, Danny, LB",0.0
"Tremble, Tommy, TE",0.0
"Treadwell, Laquon, WR",0.0
"Webster, Ken, CB",0.0
"Webster, Nsimba, WR",0.0
"Weddle, Eric, S",0.0
"Winchester, James, TE",0.0
"Wolf, Eli, TE",0.0
"Woerner, Charlie, TE",0.0
"Witten, Jason, TE",0.0
"Witherspoon, Ahkello, CB",0.0
"Wise, Deatrich, DE",0.0
"Winovich, Chase, LB",0.0
"Winn, Billy, DE",0.0
"Wingard, Andrew, S",0.0
"Winfree, Juwann, WR",0.0
"Windsor, Robert, DT",0.0
"Wims, Javon, WR",0.0
"Wolford, John, QB",0.0
"Wilson, Zach, QB",0.0
"Wilson, Tavon, S",0.0
"Wilson, Quincy, CB",0.0
"Wilson, Logan, LB",0.0
"Wilson, Jarrod, S",0.0
"Wilson, Damien, LB",0.0
"Wilson, Cedrick, WR",0.0
"Wilson, Caleb, TE",0.0
"Wilson, Brandon, S",0.0
"Wilson, Albert, WR",0.0
"Wolfe, Derek, DE",0.0
"Wonnum, D.J., DE",0.0
"Welch, Kristian, LB",0.0
"Yarbrough, Eddie, DE",0.0
"Zuniga, Jabari, DE",0.0
"Zuber, Isaiah, WR",0.0
"Zimmer, Justin, DT",0.0
"Zettel, Anthony, DE",0.0
"Young, Tavon, CB",0.0
"Young, Kenny, LB",0.0
"Yiadom, Isaac, CB",0.0
"Yeldon, T.J., RB",0.0
"Yelder, Deon, TE",0.0
"Yeboah, Kenny, TE",0.0
"Ya-Sin, Rock, CB",0.0
"Woods, Al, DT",0.0
"Ximines, Oshane, DE",0.0
"Wright, Isaiah, WR",0.0
"Wren, Renell, DT",0.0
"Wreh-Wilson, Blidi, CB",0.0
"Wormley, Chris, DE",0.0
"Worley, Daryl, CB",0.0
"Woodyard, Wesley, LB",0.0
"Woodside, Logan, QB",0.0
"Woods, Josh, LB",0.0
"Woods, Antwaun, DT",0.0
"Willson, Luke, TE",0.0
"Willis, Jordan, DE",0.0
"Willies, Derrick, WR",0.0
"White, Mike, QB",0.0
"Williams, Darious, CB",0.0
"Williams, Chad, WR",0.0
"Williams, Brandon, DT",0.0
"Williams, Antonio, RB",0.0
"Willekes, Kenny, DE",0.0
"Wilkins, Christian, DT",0.0
"Wilber, Kyle, LB",0.0
"Whyte, Kerrith, RB",0.0
"Whitehead, Tahir, LB",0.0
"Whitehead, Jordan, S",0.0
"White, Kyzir, LB",0.0
"Williamson, Avery, LB",0.0
"White, Kevin, WR",0.0
"White, Javin, LB",0.0
"White, DeAndrew, WR",0.0
"White, Brady, QB",0.0
"Wharton, Tershawn, DT",0.0
"Westbrook, Nick, WR",0.0
"Westbrook, Dede, WR",0.0
"Wesley, Antoine, WR",0.0
"Wesco, Trevon, TE",0.0
"Wells, Pro, TE",0.0
"Williams, DeShawn, DT",0.0
"Williams, Dexter, RB",0.0
"Williams, Duke, WR",0.0
"Williams, Greedy, CB",0.0
"Williams, Xavier, DT",0.0
"Williams, Vince, LB",0.0
"Williams, Ty'Son, RB",0.0
"Williams, Trevor, CB",0.0
"Williams, Trayveon, RB",0.0
"Williams, Tramon, CB",0.0
"Williams, Sylvester, DT",0.0
"Williams, Shawn, S",0.0
"Williams, Seth, WR",0.0
"Williams, Quinnen, DT",0.0
"Williams, Quincy, LB",0.0
"Williams, Pooka, RB",0.0
"Williams, P.J., CB",0.0
"Williams, Nick, DT",0.0
"Williams, Maxx, TE",0.0
"Williams, Marlon, WR",0.0
"Williams, Marcus, S",0.0
"Williams, K'Waun, CB",0.0
"Williams, Jonathan, RB",0.0
"Williams, Joejuan, CB",0.0
"Williams, Javonte, RB",0.0
"Thomas, Jordan, TE",0.0
"Thomas, Jeff, WR",0.0
"Reaves, Jeremy, S",0.0
"Russell, Dontavius, DT",0.0
"Schreck, Mason, TE",0.0
"Schobert, Joe, LB",0.0
"Schaub, Matt, QB",0.0
"Scarlett, Jordan, RB",0.0
"Scarlett, Brennan, LB",0.0
"Saunders, Khalen, DT",0.0
"Saubert, Eric, TE",0.0
"Sargent, Mehki, RB",0.0
"Rypien, Brett, QB",0.0
"Ryan, Logan, CB",0.0
"Russell, Chapelle, LB",0.0
"Scott, Da'Mari, WR",0.0
"Rush, Cooper, QB",0.0
"Rush, Anthony, DE",0.0
"Rudock, Jake, QB",0.0
"Roy, Bravvion, DT",0.0
"Rowland, Chris, WR",0.0
"Rousseau, Gregory, DE",0.0
"Rountree, Larry, RB",0.0
"Ross, John, WR",0.0
"Ross, Daniel, DT",0.0
"Rosen, Josh, QB",0.0
"Schwartz, Anthony, WR",0.0
"Scott, Jaleel, WR",0.0
"Rogers, Chester, WR",0.0
"Sheffield, Kendall, CB",0.0
"Sills, David, WR",0.0
"Siemian, Trevor, QB",0.0
"Short, Kawann, DT",0.0
"Sherman, Richard, CB",0.0
"Sherman, Anthony, RB",0.0
"Sherfield, Trent, WR",0.0
"Shepherd, Nathan, DT",0.0
"Shepherd, Darrius, WR",0.0
"Shelton, Danny, DT",0.0
"Shelley, Duke, CB",0.0
"Sheard, Jabaal, DE",0.0
"Scott, Josiah, CB",0.0
"Sharpe, Tajae, WR",0.0
"Mayowa, Benson, DE",0.0
"Seymour, Kevon, CB",0.0
"Settle, Tim, DT",0.0
"Sermon, Trey, RB",0.0
"Sendejo, Andrew, S",0.0
"Senat, Deadrin, DT",0.0
"Scott, Vernon, S",0.0
"Scott, Stevie, RB",0.0
"Scott, Nick, S",0.0
"Rose, Asim, RB",0.0
"Rodgers, Richard, TE",0.0
"Thomas, Ian, TE",0.0
"Render, Tyshun, DE",0.0
"Richardson, Sheldon, DT",0.0
"Richardson, Paul, WR",0.0
"Richards, Jordan, S",0.0
"Ricci, Giovanni, TE",0.0
"Ricard, Patrick, RB",0.0
"Rhodes, Xavier, CB",0.0
"Reynolds, LaRoy, LB",0.0
"Reynolds, Craig, RB",0.0
"Reyes, Sammis, TE",0.0
"Renfrow, Hunter, WR",0.0
"Reid, John, CB",0.0
"Ridgeway, Hassan, DT",0.0
"Reid, Eric, S",0.0
"Reeves-Maybin, Jalen, LB",0.0
"Reed, Malik, LB",0.0
"Reed, Jordan, TE",0.0
"Reed, Jarran, DT",0.0
"Reed, D.J., CB",0.0
"Reed, Brooks, LB",0.0
"Redwine, Sheldrick, S",0.0
"Redmond, Will, S",0.0
"Reddick, Haason, DE",0.0
"Riddick, Theo, RB",0.0
"Riley, Curtis, S",0.0
"Rodgers, Isaiah, CB",0.0
"Robey, Nickell, CB",0.0
"Rodgers, Amari, WR",0.0
"Rochell, Isaac, DE",0.0
"Roby, Bradley, CB",0.0
"Robinson, Reggie, CB",0.0
"Robinson, Rashard, CB",0.0
"Robinson, Patrick, CB",0.0
"Robinson, Kenny, S",0.0
"Robinson, Edmond, LB",0.0
"Robinson, Alton, DE",0.0
"Robinson, A'Shawn, DT",0.0
"Robertson-Harris, Roy, DT",0.0
"Riley, Duke, LB",0.0
"Robertson, Craig, LB",0.0
"Robertson, Amik, CB",0.0
"Roberts, Seth, WR",0.0
"Roberts, Elandon, LB",0.0
"Roberts, Darryl, CB",0.0
"Roberts, Andre, WR",0.0
"Roberson, Tre, CB",0.0
"Roberson, Derick, LB",0.0
"Roach, Malcolm, DT",0.0
"Rivers, Derek, DE",0.0
"Simmons, Justin, S",0.0
"Simon, John, DE",0.0
"Simon, Micah, WR",0.0
"Suggs, Terrell, LB",0.0
"Sweat, Montez, DE",0.0
"Swearinger, D.J., S",0.0
"Swaim, Geoff, TE",0.0
"Sutton, Cameron, CB",0.0
"Surtain II, Patrick, CB",0.0
"Surratt, Sage, WR",0.0
"Surratt, Chazz, LB",0.0
"Summers, Ty, LB",0.0
"Sullivan, Stephen, TE",0.0
"Sullivan, Chandon, CB",0.0
"Sudfeld, Nate, QB",0.0
"Switzer, Ryan, WR",0.0
"Strowbridge, Jason, DE",0.0
"Strong, Kevin, DT",0.0
"Stroman, Greg, CB",0.0
"Strnad, Justin, LB",0.0
"Streveler, Chris, QB",0.0
"Street, Kentavius, DE",0.0
"Stoner, Dillon, WR",0.0
"Stone, Geno, S",0.0
"Stocker, Luke, TE",0.0
"Stills, Kenny, WR",0.0
"Sweeney, Tommy, TE",0.0
"Swoopes, Tyrone, TE",0.0
"Simpson, Shane, RB",0.0
"Taylor, Shakial, CB",0.0
"Thomas, Earl, S",0.0
"Thomas, Demaryius, WR",0.0
"Thomas, Daniel, S",0.0
"Terry, Tamorrion, WR",0.0
"Tell, Marvell, S",0.0
"Teamer, Roderic, S",0.0
"Te'o, Manti, LB",0.0
"Taylor, Vincent, DT",0.0
"Taylor, Trent, WR",0.0
"Taylor, Taywan, WR",0.0
"Taylor, Patrick, RB",0.0
"Ta'amu, Jordan, QB",0.0
"Taylor, Malik, WR",0.0
"Taylor, Jamar, CB",0.0
"Taylor, Davion, LB",0.0
"Taylor, Darrell, DE",0.0
"Taylor, Adarius, LB",0.0
"Tavai, Jahlani, LB",0.0
"Tartt, Jaquiski, S",0.0
"Tanney, Alex, QB",0.0
"Tankersley, Cordrea, CB",0.0
"Takitaki, Sione, LB",0.0
"Stick, Easton, QB",0.0
"Stewart, M.J., CB",0.0
"Stewart, Grover, DT",0.0
"Smith, Chris, DE",0.0
"Smith, Rod, RB",0.0
"Smith, Preston, LB",0.0
"Smith, Malcolm, LB",0.0
"Smith, Lee, TE",0.0
"Smith, Keith, RB",0.0
"Smith, Jimmy, CB",0.0
"Smith, Jeff, WR",0.0
"Smith, Geno, QB",0.0
"Smith, Devin, WR",0.0
"Smith, DeVonta, WR",0.0
"Smith, Cameron, LB",0.0
"Stevenson, Rhamondre, RB",0.0
"Smith, Andre, LB",0.0
"Smith, Aldon, DE",0.0
"Smart, Tanzel, DT",0.0
"Smallwood, Wendell, RB",0.0
"Sloter, Kyle, QB",0.0
"Slay, Darius, CB",0.0
"Slater, Matt, WR",0.0
"Skrine, Buster, CB",0.0
"Skipper, Tuzar, LB",0.0
"Sims, LeShaun, CB",0.0
"Smith, Rodney, RB",0.0
"Smith, Ryan, CB",0.0
"Smith, Saivion, CB",0.0
"Smith, Shi, WR",0.0
"Stevenson, Marquez, WR",0.0
"Stevens, Tommy, QB",0.0
"Stephen, Shamar, DT",0.0
"Stanley, Nate, QB",0.0
"Stanford, Julian, LB",0.0
"Stallworth, Taylor, DT",0.0
"St. Brown, Amon-Ra, WR",0.0
"Square, Damion, DT",0.0
"Sprinkle, Jeremy, TE",0.0
"Spillane, Robert, LB",0.0
"Spencer, Diontae, WR",0.0
"Spence, Noah, DE",0.0
"Spence, Akeem, DT",0.0
"Speed, E.J., LB",0.0
"Speaks, Breeland, DE",0.0
"Smythe, Durham, TE",0.0
"Smoot, Dawuane, DE",0.0
"Smith-Williams, James, DE",0.0
"Smith, Vyncint, WR",0.0
"Smith, Tye, CB",0.0
"Smith, Tremon, CB",0.0
"Shaheen, Adam, TE",0.0
"Joseph, Johnathan, CB",0.0
"Mayo, David, LB",0.0
"Copeland, Brandon, LB",0.0
"Covington, Christian, DT",0.0
"Countess, Blake, S",0.0
"Coughlin, Carter, LB",0.0
"Cottrell, Nathan, RB",0.0
"Costin, Doug, DT",0.0
"Costello, K.J., QB",0.0
"Correa, Kamalei, LB",0.0
"Cornell, Jashon, DE",0.0
"Core, Cody, WR",0.0
"Copeland, Marquise, DT",0.0
"Cooper, Pharoh, WR",0.0
"Cox, Bryan, DE",0.0
"Connelly, Ryan, LB",0.0
"Conley, Gareon, CB",0.0
"Conklin, Tyler, TE",0.0
"Compton, Will, LB",0.0
"Cominsky, John, DE",0.0
"Collins, Zaven, LB",0.0
"Collins, Nico, WR",0.0
"Collins, Maliek, DT",0.0
"Collins, Jamie, LB",0.0
"Collins, Alex, RB",0.0
"Cowart, Byron, DT",0.0
"Cox, Chandler, RB",0.0
"Coley, Trevon, DT",0.0
"Crowder, Tae, LB",0.0
"Daniels, Mike, DT",0.0
"Daniels, Darrell, TE",0.0
"Daniel, Chase, QB",0.0
"Dangerfield, Jordan, S",0.0
"Dafney, Dominique, TE",0.0
"Cyprien, Johnathan, S",0.0
"Curry, Vinny, DE",0.0
"Culkin, Sean, TE",0.0
"Cruikshank, Dane, S",0.0
"Crowell, Isaiah, RB",0.0
"Crossen, Keion, CB",0.0
"Cox, Fletcher, DT",0.0
"Croom, Jason, TE",0.0
"Crockett, Damarea, RB",0.0
"Crawley, Ken, CB",0.0
"Crawford, Xavier, CB",0.0
"Crawford, Tyrone, DT",0.0
"Crawford, Jack, DE",0.0
"Cracraft, River, WR",0.0
"Crabtree, Michael, WR",0.0
"Coxie, Damonte, WR",0.0
"Cox, Jeremy, RB",0.0
"Collier, L.J., DE",0.0
"Coleman, Justin, CB",0.0
"Dantzler, Cameron, CB",0.0
"Carr, Austin, WR",0.0
"Casey, Jurrell, DE",0.0
"Carter, Ron'Dell, DE",0.0
"Carter, Michael, RB",0.0
"Carter, Lorenzo, LB",0.0
"Carter, Jermaine, LB",0.0
"Carter, DeAndre, WR",0.0
"Carter, Cethan, TE",0.0
"Carrier, Derek, TE",0.0
"Carrie, T.J., CB",0.0
"Carr, Brandon, CB",0.0
"Carlson, Stephen, TE",0.0
"Chaisson, K'Lavon, DE",0.0
"Cantrell, Dylan, TE",0.0
"Cannon, Trenton, RB",0.0
"Canady, Maurice, CB",0.0
"Campbell, Tevaughn, CB",0.0
"Campbell, Ibraheim, S",0.0
"Campbell, De'Vondre, LB",0.0
"Callaway, Antonio, WR",0.0
"Callahan, Bryce, CB",0.0
"Calitro, Austin, LB",0.0
"Calhoun, Shilique, DE",0.0
"Cashman, Blake, LB",0.0
"Chandler, Sean, S",0.0
"Coleman, Corey, WR",0.0
"Clark, Kenny, DT",0.0
"Cole, Dylan, LB",0.0
"Cole, Brian, S",0.0
"Colbert, Adrian, S",0.0
"Coe, Nick, DE",0.0
"Cockrell, Ross, CB",0.0
"Clinton-Dix, Ha Ha, S",0.0
"Cleveland, Tyrie, WR",0.0
"Clement, Corey, RB",0.0
"Claybrooks, Chris, CB",0.0
"Clayborn, Adrian, DE",0.0
"Clark, Darius, RB",0.0
"Charlton, Taco, DE",0.0
"Cisco, Andre, S",0.0
"Cichy, Jack, LB",0.0
"Chunn, Jordan, RB",0.0
"Chung, Patrick, S",0.0
"Chubb, Bradley, LB",0.0
"Christian, Marqui, S",0.0
"Chisena, Dan, WR",0.0
"Chinn, Jeremy, S",0.0
"Chickillo, Anthony, LB",0.0
"Chase, Ja'Marr, WR",0.0
"Danna, Michael, DE",0.0
"Darboh, Amara, WR",0.0
"Cain, Deon, WR",0.0
"Elder, Corn, CB",0.0
"Eskridge, D'Wayne, WR",0.0
"Ervin, Tyler, RB",0.0
"Erickson, Alex, WR",0.0
"Epps, Marcus, S",0.0
"Epenesa, A.J., DE",0.0
"Enunwa, Quincy, WR",0.0
"Elliss, Kaden, LB",0.0
"Ellis, Justin, DT",0.0
"Elliott, Jordan, DT",0.0
"Ellefson, Ben, TE",0.0
"Ekuale, Daniel, DT",0.0
"Etling, Danny, QB",0.0
"Ejiofor, Duke, LB",0.0
"Ehlinger, Sam, QB",0.0
"Eguavoen, Sam, LB",0.0
"Egbule, Emeke, LB",0.0
"Edwards, T.J., LB",0.0
"Edwards, Mike, S",0.0
"Edwards, Mario, DE",0.0
"Edmunds, Trey, RB",0.0
"Ebukam, Samson, LB",0.0
"Ebner, Nate, S",0.0
"Etienne, Travis, RB",0.0
"Eubanks, Nick, TE",0.0
"Dzubnar, Nick, LB",0.0
"Fehoko, Simi, WR",0.0
"Fitts, Kylie, LB",0.0
"Finley, Ryan, QB",0.0
"Finch, Sharif, LB",0.0
"Fields, Justin, QB",0.0
"Ferrell, Clelin, DE",0.0
"Ferguson, Jaylon, LB",0.0
"Fenton, Rashad, CB",0.0
"Felton, Demetric, RB",0.0
"Fells, Darren, TE",0.0
"Fejedelem, Clayton, S",0.0
"Fatukasi, Foley, DT",0.0
"Evans, Chris, RB",0.0
"Farrell, Luke, TE",0.0
"Farley, Matthias, S",0.0
"Farley, Caleb, CB",0.0
"Falk, Luke, QB",0.0
"Facyson, Brandon, CB",0.0
"Fackrell, Kyler, LB",0.0
"Everett, Deshazor, S",0.0
"Evans, Rashaan, LB",0.0
"Evans, Justin, S",0.0
"Evans, Jordan, LB",0.0
"Eagles, Brennan, WR",0.0
"Dye, Troy, LB",0.0
"Darby, Frank, WR",0.0
"Davis, Khalil, DT",0.0
"Davison, Tyeler, DT",0.0
"Davis, Tyler, TE",0.0
"Davis, Trevor, WR",0.0
"Davis, Todd, LB",0.0
"Davis, Thomas, LB",0.0
"Davis, Tae, LB",0.0
"Davis, Sean, S",0.0
"Davis, Raekwon, DT",0.0
"Davis, Quartney, WR",0.0
"Davis, Michael, CB",0.0
"Davis, Jamin, LB",0.0
"Day, Sheldon, DT",0.0
"Davis, Cody, S",0.0
"Davis, Carlton, CB",0.0
"Davis, Carlos, DE",0.0
"Davis, Carl, DT",0.0
"Davidson, Zach, TE",0.0
"Davidson, Marlon, DT",0.0
"Davenport, Marcus, DE",0.0
"Dareus, Marcell, DT",0.0
"Darden, Jaelon, WR",0.0
"Darby, Ronald, CB",0.0
"Dawson, Duke, CB",0.0
"DeValve, Seth, TE",0.0
"Dunn, Brandon, DT",0.0
"Dogbe, Michael, DE",0.0
"Dunbar, Quinton, CB",0.0
"Dulin, Ashton, WR",0.0
"Doyle, Jack, TE",0.0
"Downs, Devante, LB",0.0
"Dowdle, Rico, RB",0.0
"Douglas, Rasul, CB",0.0
"Doss, Keelan, WR",0.0
"Dortch, Greg, WR",0.0
"Dorsett, Phillip, WR",0.0
"Dolegala, Jacob, QB",0.0
"Dodson, Tyrel, LB",0.0
"Dean, Jamel, CB",0.0
"Doctson, Josh, WR",0.0
"Dobbs, Joshua, QB",0.0
"Dixon, Kenneth, RB",0.0
"Dillon, Brandon, TE",0.0
"Dieter, Gehrig, WR",0.0
"Dickerson, Matt, DE",0.0
"DiNucci, Ben, QB",0.0
"Desir, Pierre, CB",0.0
"Dennard, Darqueze, CB",0.0
"Delpit, Grant, S",0.0
"Calais, Raymond, RB",0.0
"Cager, Lawrence, WR",0.0
"Mayden, Jared, S",0.0
"Averett, Anthony, CB",0.0
"Baker, Deandre, CB",0.0
"Baker, Budda, S",0.0
"Bailey, Markus, LB",0.0
"Bailey, Allen, DE",0.0
"Badet, Jeff, WR",0.0
"Bademosi, Johnson, CB",0.0
"Bachman, Alex, WR",0.0
"Bachie, Joe, LB",0.0
"Awuzie, Chidobe, CB",0.0
"Avery, Genard, LB",0.0
"Autry, Denico, DE",0.0
"Banjo, Chris, S",0.0
"Austin, Tavon, WR",0.0
"Austin, Blessuan, CB",0.0
"Ausbon, Jhamon, WR",0.0
"Auclair, Antony, TE",0.0
"Atwell, Tutu, WR",0.0
"Attaochu, Jeremiah, LB",0.0
"Atkins, John, DT",0.0
"Atkins, Geno, DT",0.0
"Artis-Payne, Cameron, RB",0.0
"Arnold, Dan, TE",0.0
"Ballentine, Corey, CB",0.0
"Banogu, Ben, DE",0.0
"Armstrong, Ray-Ray, LB",0.0
"Bateman, Rashod, WR",0.0
"Beebe, Chad, WR",0.0
"Beck, Andrew, TE",0.0
"Beathard, C.J., QB",0.0
"Beasley, Vic, LB",0.0
"Beal, Sam, CB",0.0
"Bausby, DeVante, CB",0.0
"Baugh, Marcus, TE",0.0
"Batson, Cameron, WR",0.0
"Bates, John, TE",0.0
"Bates, Daren, LB",0.0
"Bassey, Essang, CB",0.0
"Barber, Peyton, RB",0.0
"Basham, Tarell, DE",0.0
"Basham, Carlos, DE",0.0
"Barron, Mark, LB",0.0
"Barrett, Shaq, LB",0.0
"Barnett, Derek, DE",0.0
"Barnes, Krys, LB",0.0
"Barner, Kenjon, RB",0.0
"Barmore, Christian, DT",0.0
"Barkley, Matt, QB",0.0
"Barcoo, Luq, CB",0.0
"Arnette, Damon, CB",0.0
"Armstrong, Dorance, DE",0.0
"Bell, Quinton, LB",0.0
"Adeniyi, Ola, LB",0.0
"Allen, Beau, DT",0.0
"Alford, Robert, CB",0.0
"Alexander, Mackensie, CB",0.0
"Alexander, Kwon, LB",0.0
"Alexander, Jaire, CB",0.0
"Alaka, Otaro, LB",0.0
"Al-Shaair, Azeez, LB",0.0
"Akinmoladun, Freedom, DT",0.0
"Agnew, Jamal, WR",0.0
"Agim, McTelvin, DT",0.0
"Adeboyejo, Quincy, WR",0.0
"Allen, Brian, CB",0.0
"Addison, Mario, DE",0.0
"Adderley, Nasir, S",0.0
"Addae, Jahleel, S",0.0
"Adams, Myles, DT",0.0
"Adams, Montravius, DE",0.0
"Adams, Matthew, LB",0.0
"Adams, Josh, RB",0.0
"Adams, Jamal, S",0.0
"Adams, Andrew, S",0.0
"Adams Jr., Jonathan, WR",0.0
"Allen, Brandon, QB",0.0
"Allen, Dakota, LB",0.0
"Armstrong, Cornell, CB",0.0
"Anderson, Henry, DE",0.0
"Armah, Alexander, RB",0.0
"Arcega-Whiteside, JJ, WR",0.0
"Apple, Eli, CB",0.0
"Apke, Troy, S",0.0
"Anzalone, Alex, LB",0.0
"Ansah, Ezekiel, DE",0.0
"Ankou, Eli, DT",0.0
"Anderson, Stephen, TE",0.0
"Anderson, Ryan, LB",0.0
"Anderson, Rodney, RB",0.0
"Anderson, Darius, RB",0.0
"Allen, Kyle, QB",0.0
"Anderson, Bruce, RB",0.0
"Anderson, Abdullah, DT",0.0
"Amukamara, Prince, CB",0.0
"Amos, Adrian, S",0.0
"Amadi, Ugo, CB",0.0
"Alualu, Tyson, DT",0.0
"Alonso, Kiko, LB",0.0
"Allen, Zach, DE",0.0
"Allen, Ricardo, S",0.0
"Allen, Marcus, S",0.0
"Bell, Blake, TE",0.0
"Bellamy, LeVante, RB",0.0
"Cabinda, Jason, LB",0.0
"Brown, Dyami, WR",0.0
"Brown, Zach, LB",0.0
"Brown, Tony, WR",0.0
"Brown, Tony, CB",0.0
"Brown, Spencer, RB",0.0
"Brown, Preston, LB",0.0
"Brown, Pharaoh, TE",0.0
"Brown, Noah, WR",0.0
"Brown, Malcom, DT",0.0
"Brown, Jayon, LB",0.0
"Brown, Jaron, WR",0.0
"Brown, Derrick, DT",0.0
"Browning, Jake, QB",0.0
"Brown, Daniel, TE",0.0
"Brown, Cam, LB",0.0
"Brown, Anthony, CB",0.0
"Brown, Andrew, DT",0.0
"Broughton, Cortez, DT",0.0
"Brooks-James, Tony, RB",0.0
"Brooks, Terrence, S",0.0
"Brooks, Antoine, S",0.0
"Brockers, Michael, DT",0.0
"Brock, Tramaine, CB",0.0
"Browning, Baron, LB",0.0
"Brunson, T.J., LB",0.0
"Brantley, Caleb, DT",0.0
"Burgess, Terrell, S",0.0
"Bynes, Josh, LB",0.0
"Butler, Vernon, DT",0.0
"Butler, Hakeem, TE",0.0
"Bush, Deon, S",0.0
"Burton, Michael, RB",0.0
"Burris, Juston, S",0.0
"Burr-Kirven, Ben, LB",0.0
"Burns, Artie, CB",0.0
"Burnett, Deontay, WR",0.0
"Burks, Oren, LB",0.0
"Burgess, James, LB",0.0
"Bryan, Taven, DT",0.0
"Burfict, Vontaze, LB",0.0
"Bullard, Jonathan, DE",0.0
"Buggs, Isaiah, DT",0.0
"Buechele, Shane, QB",0.0
"Buckner, DeForest, DT",0.0
"Bucannon, Deone, LB",0.0
"Bryant, Ventell, WR",0.0
"Bryant, Myles, CB",0.0
"Bryant, Dez, WR",0.0
"Bryant, Austin, DE",0.0
"Bray, Tyler, QB",0.0
"Brailford, Jordan, LB",0.0
"Bellore, Nick, RB",0.0
"Black, Henry, S",0.0
"Blue, Alfred, RB",0.0
"Blough, David, QB",0.0
"Bledsoe, Amani, DE",0.0
"Blasingame, Khari, RB",0.0
"Blake, Christian, WR",0.0
"Blair, Ronald, DE",0.0
"Blackson, Angelo, DE",0.0
"Blackmon, Julian, S",0.0
"Blacklock, Ross, DT",0.0
"Black, Tarik, WR",0.0
"Billings, Andrew, DT",0.0
"Board, Chris, LB",0.0
"Biegel, Vince, LB",0.0
"Beyer, Shaun, TE",0.0
"Bethel, Justin, CB",0.0
"Berrios, Braxton, WR",0.0
"Bernard, Francis, LB",0.0
"Bentley, Ja'Whaun, LB",0.0
"Benson, Trinity, WR",0.0
"Benkert, Kurt, QB",0.0
"Benjamin, Travis, WR",0.0
"Benjamin, Kelvin, WR",0.0
"Board, C.J., WR",0.0
"Boddy-Calhoun, Briean, CB",0.0
"Bradwell, Darius, RB",0.0
"Bowden, Lynn, WR",0.0
"Bradley, Shaun, LB",0.0
"Bradley, Ja'Marcus, WR",0.0
"Bradham, Nigel, LB",0.0
"Boyle, Tim, QB",0.0
"Boyle, Nick, TE",0.0
"Boykin, Miles, WR",0.0
"Boyd, Rakeem, RB",0.0
"Boyd, Kris, CB",0.0
"Bowser, Tyus, LB",0.0
"Bower, Tashawn, LB",0.0
"Bouye, A.J., CB",0.0
"Bolden, Brandon, RB",0.0
"Boston, Tre, S",0.0
"Bostic, Jon, LB",0.0
"Bortles, Blake, QB",0.0
"Borders, Breon, CB",0.0
"Book, Ian, QB",0.0
"Bonnafon, Reggie, RB",0.0
"Bonds, Terrell, CB",0.0
"Bolton, Nick, LB",0.0
"Bolton, Curtis, LB",0.0
"Bolden, Victor, WR",0.0
"Fitzgerald, Larry, WR",0.0
"Flannigan-Fowles, Demetrius, LB",0.0
"Flowers, Tre, CB",0.0
"Johnson, Tyron, WR",0.0
"Jones, Deion, LB",0.0
"Jones, Datone, DE",0.0
"Jones, D.J., DT",0.0
"Jones, Christian, LB",0.0
"Jones, Chris, CB",0.0
"Jones, Chandler, LB",0.0
"Jones, Byron, CB",0.0
"Jones, Brandon, S",0.0
"Jones, Abry, DT",0.0
"Johnston, Clay, LB",0.0
"Johnson, Marcus, WR",0.0
"Jones, Jonathan, CB",0.0
"Johnson, Lonnie, S",0.0
"Johnson, Kevin, CB",0.0
"Johnson, KeeSean, WR",0.0
"Johnson, Juwan, WR",0.0
"Johnson, Jon'Vea, WR",0.0
"Johnson, Jaylon, CB",0.0
"Johnson, Jaquan, S",0.0
"Johnson, Jaleel, DT",0.0
"Johnson, Jakob, RB",0.0
"Johnson, Isaiah, CB",0.0
"Jones, Dre'Mont, DE",0.0
"Jones, Joseph, LB",0.0
"Johnson, Darryl, DE",0.0
"Joyner, Lamarcus, S",0.0
"Keke, Kingsley, DE",0.0
"Keizer, Nick, TE",0.0
"Kearse, Jayron, S",0.0
"Kazee, Damontae, S",0.0
"Kaufusi, Bronson, LB",0.0
"Kareem, Khalid, DE",0.0
"Kalu, Joshua, CB",0.0
"Kalambayi, Peter, LB",0.0
"Kaepernick, Colin, QB",0.0
"Juszczyk, Kyle, RB",0.0
"Joseph-Day, Sebastian, DT",0.0
"Jones, Mac, QB",0.0
"Joseph, Linval, DT",0.0
"Joseph, Karl, S",0.0
"Jordan, Dion, DE",0.0
"Jordan, Brevin, TE",0.0
"Jones, Zay, WR",0.0
"Jones, Xavier, RB",0.0
"Jones, Tony, RB",0.0
"Jones, Taiwan, RB",0.0
"Jones, Sidney, CB",0.0
"Jones, Reshad, S",0.0
"Johnson, Dontae, CB",0.0
"Johnson, Danny, CB",0.0
"Kelly, John, RB",0.0
"Jackson, Adoree, CB",0.0
"Jackson, Malik, DT",0.0
"Jackson, Lamar, CB",0.0
"Jackson, Kareem, S",0.0
"Jackson, Josh, CB",0.0
"Jackson, Joe, DE",0.0
"Jackson, J.C., CB",0.0
"Jackson, Eddie, S",0.0
"Jackson, Deon, RB",0.0
"Jackson, Dane, CB",0.0
"Jackson, Chris, CB",0.0
"Jack, Myles, LB",0.0
"Jackson, Trishton, WR",0.0
"Izzo, Ryan, TE",0.0
"Iyiegbuniwe, Joel, LB",0.0
"Irving, Isaiah, LB",0.0
"Irving, David, DT",0.0
"Irvin, Bruce, DE",0.0
"Ioannidis, Matt, DT",0.0
"Inman, Dontrelle, WR",0.0
"Ingram, Melvin, DE",0.0
"Ingold, Alec, RB",0.0
"Imatorbhebhe, Josh, WR",0.0
"Jackson, Michael, CB",0.0
"Jackson, Tyree, TE",0.0
"Johnson, Cade, WR",0.0
"Jefferson, Tony, S",0.0
"Johnson, Austin, DT",0.0
"Johnson, Anthony, WR",0.0
"Jernigan, Timmy, DT",0.0
"Jennings, Jauan, WR",0.0
"Jennings, Anfernee, LB",0.0
"Jenkins, Rayshawn, S",0.0
"Jenkins, Jordan, DE",0.0
"Jenkins, John, DT",0.0
"Jenkins, Janoris, CB",0.0
"Jeffery, Alshon, WR",0.0
"Jefferson, Quinton, DT",0.0
"Jackson, Warren, WR",0.0
"Jefferson, Malik, LB",0.0
"Jefferson, Jermar, RB",0.0
"Janovich, Andy, RB",0.0
"James, Richie, WR",0.0
"James, Jesse, TE",0.0
"James, Craig, CB",0.0
"Jamerson, Natrell, CB",0.0
"Jacquet, Michael, CB",0.0
"Jacobs, Leon, LB",0.0
"Jackson, William, CB",0.0
"Kelly, Chad, QB",0.0
"Kemp, Marcus, WR",0.0
"Floyd, Leonard, LB",0.0
"Lowry, Dean, DE",0.0
"Mabin, Greg, CB",0.0
"Lynch, Paxton, QB",0.0
"Lynch, Marshawn, RB",0.0
"Lynch, James, DT",0.0
"Lynch, Blake, LB",0.0
"Lynch, Aaron, LB",0.0
"Luvu, Frankie, LB",0.0
"Luton, Jake, QB",0.0
"Luck, Andrew, QB",0.0
"Lucas, Jordan, S",0.0
"Lovett, John, TE",0.0
"Mack, Isaiah, DE",0.0
"Love, Julian, S",0.0
"Lotulelei, Star, DT",0.0
"Long, Hunter, TE",0.0
"Long, David, LB",0.0
"Long, David, CB",0.0
"Logan, T.J., RB",0.0
"Locke, P.J., S",0.0
"Liuget, Corey, DT",0.0
"Littleton, Cory, LB",0.0
"Lipscomb, Kalija, WR",0.0
"Mack, Daylon, DT",0.0
"Maddox, Avonte, CB",0.0
"Lewis, Terrell, LB",0.0
"Marshall, Trey, S",0.0
"Mauro, Josh, DE",0.0
"Maulet, Art, CB",0.0
"Matthews, Jordan, WR",0.0
"Matthews, Clay, LB",0.0
"Matakevich, Tyler, LB",0.0
"Mata'afa, Hercules, DT",0.0
"Martinez, Blake, LB",0.0
"Martin, Kareem, LB",0.0
"Martin, Kamal, LB",0.0
"Martin, Jake, LB",0.0
"Marshall, Terrace, WR",0.0
"Madubuike, Justin, DE",0.0
"Marshall, Iman, CB",0.0
"Marsh, Cassius, LB",0.0
"Marlowe, Dean, S",0.0
"March, Justin, LB",0.0
"Marable, CJ, RB",0.0
"Mannion, Sean, QB",0.0
"Manhertz, Chris, TE",0.0
"Malveaux, Cameron, LB",0.0
"Maluia, Cassh, LB",0.0
"Malone, Josh, WR",0.0
"Lewis, Tyquan, DE",0.0
"Lewis, Ryan, CB",0.0
"Kendricks, Mychal, LB",0.0
"Kizer, DeShone, QB",0.0
"Lance, Trey, QB",0.0
"Lancaster, Tyler, DE",0.0
"Lalos, Niko, DE",0.0
"Laird, Patrick, RB",0.0
"Lacy, Chris, WR",0.0
"LaCosse, Matt, TE",0.0
"Kunaszyk, Jordan, LB",0.0
"Kumerow, Jake, WR",0.0
"Kpassagnon, Tanoh, DE",0.0
"Klein, A.J., LB",0.0
"Kirkwood, Keith, WR",0.0
"Langi, Harvey, LB",0.0
"Kirksey, Christian, LB",0.0
"King, Kevin, CB",0.0
"King, Desmond, CB",0.0
"Killins Jr., Adrian, RB",0.0
"Killebrew, Miles, S",0.0
"Keyes, Thakarius, CB",0.0
"Key, Arden, DE",0.0
"Kerrigan, Ryan, DE",0.0
"Kerr, Zach, DT",0.0
"Kennard, Devon, LB",0.0
"Landry, Harold, LB",0.0
"Larkin, Austin, DE",0.0
"Lewis, Marcedes, TE",0.0
"Leake, Javon, RB",0.0
"Lewis, Jourdan, CB",0.0
"Lewis, Cam, CB",0.0
"Levine, Anthony, S",0.0
"Leonard, Darius, LB",0.0
"Lee, Sean, LB",0.0
"Lee, Marqise, WR",0.0
"Lee, Elijah, LB",0.0
"Lee, Darron, LB",0.0
"Ledbetter, Jeremiah, DE",0.0
"Leavitt, Dallin, S",0.0
"LeMay, Benny, RB",0.0
"Latimer, Cody, WR",0.0
"LeBlanc, Cre'von, CB",0.0
"Layne, Justin, CB",0.0
"Lawson, Shaq, DE",0.0
"Lawson, Nevin, CB",0.0
"Lawrence, Trevor, QB",0.0
"Lawrence, Rashard, DT",0.0
"Lawrence, Devaroe, DT",0.0
"Lawler, Justin, LB",0.0
"Lauletta, Kyle, QB",0.0
"Lattimore, Marshon, CB",0.0
"Iloka, George, S",0.0
"Igbinoghene, Noah, CB",0.0
"Hyde, Micah, S",0.0
"Goodson, B.J., LB",0.0
"Gray, J.T., S",0.0
"Grant, Jakeem, WR",0.0
"Granderson, Carl, DE",0.0
"Graham, Jaeden, TE",0.0
"Graham, Brandon, DE",0.0
"Gotsis, Adam, DT",0.0
"Gordon, Josh, WR",0.0
"Gordon, Anthony, QB",0.0
"Goodwin, Marquise, WR",0.0
"Goodwin, C.J., CB",0.0
"Goldman, Eddie, DT",0.0
"Green, Rasheem, DE",0.0
"Golden, Markus, LB",0.0
"Godwin, Terry, WR",0.0
"Godchaux, Davon, DT",0.0
"Glennon, Mike, QB",0.0
"Glasgow, Ryan, DT",0.0
"Glasgow, Jordan, LB",0.0
"Gladney, Jeff, CB",0.0
"Givens, Kevin, DT",0.0
"Gipson, Trevis, DE",0.0
"Gipson, Tashaun, S",0.0
"Gray, Noah, TE",0.0
"Green, Virgil, TE",0.0
"Gilmore, Stephon, CB",0.0
"Guidry, Javelin, CB",0.0
"Hall, Terez, LB",0.0
"Hall, P.J., DT",0.0
"Hall, Nate, LB",0.0
"Hall, Emanuel, WR",0.0
"Hall, Bryce, CB",0.0
"Haley, Grant, CB",0.0
"Hairston, Nate, CB",0.0
"Hager, Bryce, LB",0.0
"Guy, Lawrence, DE",0.0
"Gustin, Porter, LB",0.0
"Grugier-Hill, Kamu, LB",0.0
"Greenard, Jonathan, DE",0.0
"Gross-Matos, Yetur, DE",0.0
"Grimes, Trevon, WR",0.0
"Griffin, Shaquem, LB",0.0
"Griffin, Shaq, CB",0.0
"Griffin, Ryan, TE",0.0
"Griffin, Ryan, QB",0.0
"Griffen, Everson, DE",0.0
"Grier, Will, QB",0.0
"Greenlaw, Dre, LB",0.0
"Greene, Raven, S",0.0
"Ginn Jr., Ted, WR",0.0
"Gilman, Alohi, S",0.0
"Hurns, Allen, WR",0.0
"Fotu, Leki, DT",0.0
"Fuller, Aaron, WR",0.0
"Freiermuth, Pat, TE",0.0
"Frazier, Kavon, S",0.0
"Franks, Feleipe, QB",0.0
"Franklin-Myers, John, DE",0.0
"Franklin, Zaire, LB",0.0
"Franklin, Sam, S",0.0
"Fox, Morgan, DE",0.0
"Fowler, Bennie, WR",0.0
"Fountain, Daurice, WR",0.0
"Foster, Robert, WR",0.0
"Fuller, Kendall, CB",0.0
"Foster, Reuben, LB",0.0
"Foster, D.J., RB",0.0
"Fortson, Jody, WR",0.0
"Fort, L.J., LB",0.0
"Foreman, D'Onta, RB",0.0
"Ford, Poona, DT",0.0
"Ford, Mike, CB",0.0
"Ford, Johnathan, S",0.0
"Ford, Dee, DE",0.0
"Foles, Nick, QB",0.0
"Fuller, Jordan, S",0.0
"Fulton, Kristian, CB",0.0
"Gilliam, Reggie, TE",0.0
"Gay, Willie, LB",0.0
"Gillaspia, Cullen, RB",0.0
"Gill, Cam, LB",0.0
"Giles-Harris, Joe, LB",0.0
"Gilchrist, Marcus, S",0.0
"Gilbert, Ulysees, LB",0.0
"Gilbert, Garrett, QB",0.0
"Gifford, Luke, LB",0.0
"Gholston, William, DE",0.0
"Gentry, Zach, TE",0.0
"Geathers, Clayton, S",0.0
"Gaulden, Rashaan, S",0.0
"Fumagalli, Troy, TE",0.0
"Gary, Rashan, LB",0.0
"Garvin, Jonathan, LB",0.0
"Gardner-Johnson, Chauncey, S",0.0
"Gardeck, Dennis, LB",0.0
"Gallimore, Neville, DT",0.0
"Gainwell, Kenneth, RB",0.0
"Gaines, Phillip, CB",0.0
"Gaines, Greg, DE",0.0
"Gafford, Rico, WR",0.0
"Gabbert, Blaine, QB",0.0
"Ham, C.J., RB",0.0
"Hamilton, Antonio, CB",0.0
"Hamilton, DaeSean, WR",0.0
"Hinton, Kendall, QB",0.0
"Hollman, Ka'dar, CB",0.0
"Hollister, Jacob, TE",0.0
"Hollister, Cody, WR",0.0
"Hollins, Mack, WR",0.0
"Hollins, Justin, LB",0.0
"Holland, Jevon, S",0.0
"Holcomb, Cole, LB",0.0
"Hogan, Krishawn, WR",0.0
"Hodges, Devlin, QB",0.0
"Hitchens, Anthony, LB",0.0
"Hilton, Mike, CB",0.0
"Holmes, Jalyn, DE",0.0
"Hilliard, Dontrell, RB",0.0
"Hill, Trysten, DT",0.0
"Hill, Troy, CB",0.0
"Hill, Kylin, RB",0.0
"Hill, Justice, RB",0.0
"Hill, Josh, TE",0.0
"Hill, Holton, CB",0.0
"Hill, Delano, S",0.0
"Hill, B.J., DE",0.0
"Hightower, Dont'a, LB",0.0
"Holmes, Darney, CB",0.0
"Holton, Johnny, WR",0.0
"Hamilton, Davon, DT",0.0
"Hubbard, Sam, DE",0.0
"Huntley, Tyler, QB",0.0
"Huntley, Jason, RB",0.0
"Hunt, Margus, DT",0.0
"Hundley, Brett, QB",0.0
"Humphrey, Lil'Jordan, WR",0.0
"Hughes, Mike, CB",0.0
"Hughes, Juju, S",0.0
"Huff, Bryce, DE",0.0
"Hudson, Tanner, TE",0.0
"Hudson, Khaleke, LB",0.0
"Hubbard, Chuba, RB",0.0
"Holtz, J.P., TE",0.0
"Howell, Buddy, RB",0.0
"Howard, Xavien, CB",0.0
"Howard, Travin, LB",0.0
"Houston-Carson, DeAndre, S",0.0
"Houston, Justin, DE",0.0
"Horsted, Jesper, TE",0.0
"Horn, Jaycee, CB",0.0
"Hopkins, Brycen, TE",0.0
"Homer, Travis, RB",0.0
"Holyfield, Elijah, RB",0.0
"Hicks, Akiem, DE",0.0
"Heyward, Cameron, DE",0.0
"Heuerman, Jeff, TE",0.0
"Harper, Madre, CB",0.0
"Harris, Dwayne, WR",0.0
"Harris, Demone, DE",0.0
"Harris, Demetrius, TE",0.0
"Harris, De'Michael, WR",0.0
"Harris, De'Jon, LB",0.0
"Harris, Davontae, CB",0.0
"Harris, Darius, LB",0.0
"Harris, Chris, CB",0.0
"Harris, Charles, DE",0.0
"Harris, Anthony, S",0.0
"Harmon, Duron, S",0.0
"Hester, Treyvon, DE",0.0
"Hargreaves, Vernon, CB",0.0
"Hargrave, Javon, DT",0.0
"Hardy, Justin, WR",0.0
"Hardee, Justin, CB",0.0
"Hankins, Johnathan, DT",0.0
"Hand, Harrison, CB",0.0
"Hand, Da'Shawn, DT",0.0
"Hampton, Saquan, S",0.0
"Hamilton, Shaun Dion, LB",0.0
"Hamilton, Justin, DT",0.0
"Harris, Erik, S",0.0
"Harris, Jonathan, DE",0.0
"Harris, Marcell, S",0.0
"Harris, Najee, RB",0.0
"Herndon, Tre, CB",0.0
"Herbert, Khalil, RB",0.0
"Hentges, Hale, TE",0.0
"Henne, Chad, QB",0.0
"Henderson, CJ, CB",0.0
"Hemingway, Temarrick, TE",0.0
"Helm, Daniel, TE",0.0
"Heinicke, Taylor, QB",0.0
"Heath, Jeff, S",0.0
"Hayward, Casey, CB",0.0
"Haynes, Marquis, DE",0.0
"Hayden, D.J., CB",0.0
"Hawkins, Jaylinn, S",0.0
"Hawkins, Javian, RB",0.0
"Harvey-Clemons, Josh, LB",0.0
"Hartsfield, Myles, S",0.0
"Hart, Penny, WR",0.0
"Harrison, Ronnie, S",0.0
"Harrison, Damon, DT",0.0
"Harris, Will, S",0.0
"Harris, Trent, DE",0.0
"Zylstra, Brandon, WR",0.0
